INSERT INTO `POLY_INT_countries` (`id`, `name`, `experienceNumber`, `created`, `modified`) VALUES
('AE', 'Émirats arabes unis', 2, '2014-04-15 17:06:05', '2014-04-15 17:10:59'),
('AR', 'Argentine', 0, '2014-04-12 22:20:21', '2014-04-12 22:24:39'),
('AU', 'Australie', 1, '2014-04-02 23:33:36', '2014-04-13 11:03:40'),
('BR', 'Brésil', 0, '2014-04-10 00:43:54', '2014-04-12 22:22:20'),
('CA', 'Canada', 8, '2014-04-02 23:33:01', '2014-04-17 00:35:55'),
('CL', 'Chili', 0, '2014-04-12 22:17:04', '2014-04-12 22:23:21'),
('CN', 'Chine', 1, '2014-04-02 15:08:07', '2014-04-12 19:11:51'),
('DE', 'Allemagne', 1, '2014-04-02 23:32:35', '2014-04-12 18:32:23'),
('DK', 'Danemark', 1, '2014-04-12 09:27:57', '2014-04-12 14:14:01'),
('EG', 'Égypte', 0, '2014-04-09 19:30:32', '2014-04-11 14:58:38'),
('ES', 'Espagne', 0, '2014-04-02 23:33:48', '2014-04-12 22:22:36'),
('FR', 'France', 6, '2014-04-09 11:33:07', '2014-04-16 11:54:16'),
('GA', 'Gabon', 1, '2014-04-14 14:10:28', '2014-04-14 14:10:29'),
('GB', 'Royaume-Uni', 3, '2014-04-02 23:32:43', '2014-04-18 13:51:05'),
('GH', 'Ghana', 0, '2014-04-03 10:38:58', '2014-04-12 22:22:25'),
('HT', 'Haïti', 0, '2014-04-12 09:27:19', '2014-04-12 14:00:51'),
('IN', 'Inde', 2, '2014-04-02 23:32:29', '2014-04-16 15:20:19'),
('IS', 'Islande', 0, '2014-04-12 22:17:55', '2014-04-12 22:24:05'),
('IT', 'Italie', 1, '2014-04-17 11:38:46', '2014-04-17 11:42:23'),
('JP', 'Japon', 1, '2014-04-14 16:44:29', '2014-04-14 16:44:29'),
('KP', 'Corée du Nord', 0, '2014-04-16 11:56:49', '2014-04-16 15:35:39'),
('KZ', 'Kazakhstan', 0, '2014-04-12 22:16:38', '2014-04-12 22:23:15'),
('LS', 'Lesotho', 0, '2014-04-12 22:21:08', '2014-04-12 22:24:47'),
('LV', 'Lettonie', 0, '2014-04-12 09:27:36', '2014-04-12 14:01:02'),
('MA', 'Maroc', 2, '2014-04-12 19:09:03', '2014-04-16 09:36:21'),
('MG', 'Madagascar', 0, '2014-04-12 22:21:28', '2014-04-12 22:23:10'),
('MN', 'Mongolie', 0, '2014-04-12 22:18:39', '2014-04-12 22:24:18'),
('MX', 'Mexique', 1, '2014-04-02 23:32:11', '2014-04-14 21:15:36'),
('MY', 'Malaisie', 1, '2014-04-14 16:41:05', '2014-04-14 16:41:05'),
('NC', 'Nouvelle-Calédonie', 1, '2014-04-14 16:58:53', '2014-04-14 16:58:53'),
('NL', 'Pays-Bas', 3, '2014-04-02 23:33:57', '2014-04-13 20:00:22'),
('NO', 'Norvège', 0, '2014-04-12 22:17:18', '2014-04-12 22:23:31'),
('NZ', 'Nouvelle-Zélande', 2, '2014-04-12 19:11:50', '2014-04-14 14:06:18'),
('PH', 'Philippines', 0, '2014-04-12 22:17:29', '2014-04-12 22:23:50'),
('PT', 'Portugal', 1, '2014-04-02 23:32:20', '2014-04-14 16:00:43'),
('RU', 'Russie', 0, '2014-04-10 00:44:49', '2014-04-12 22:22:01'),
('SA', 'Arabie saoudite', 0, '2014-04-12 22:18:58', '2014-04-12 22:24:27'),
('SE', 'Suède', 2, '2014-04-12 09:28:10', '2014-04-14 08:54:20'),
('TD', 'Tchad', 0, '2014-04-12 22:18:14', '2014-04-12 22:24:11'),
('TG', 'Togo', 0, '2014-04-02 23:47:19', '2014-04-02 23:47:55'),
('US', 'États-Unis', 6, '2014-04-02 23:32:01', '2014-04-17 17:35:12'),
('ZA', 'Afrique du Sud', 0, '2014-04-12 22:20:04', '2014-04-12 22:24:34');

INSERT INTO `POLY_INT_cities` (`id`, `name`, `lat`, `lon`, `experienceNumber`, `created`, `modified`, `country_id`) VALUES
(1, 'Pékin', '39.90403', '116.40752599999996', 0, '2014-04-02 15:08:07', '2014-04-12 14:00:27', 'CN'),
(3, 'Mexicali', '32.6245389', '-115.45226230000003', 0, '2014-04-02 23:32:11', '2014-04-02 23:40:28', 'MX'),
(4, 'Lisbonne', '38.7222524', '-9.139336599999979', 1, '2014-04-02 23:32:20', '2014-04-14 16:00:43', 'PT'),
(5, 'Dehra Dun', '30.3164945', '78.03219179999996', 2, '2014-04-02 23:32:29', '2014-04-16 15:20:19', 'IN'),
(6, 'Berlin', '52.52000659999999', '13.404953999999975', 1, '2014-04-02 23:32:35', '2014-04-12 18:32:23', 'DE'),
(7, 'Londres', '51.508515', '-0.12548719999995228', 0, '2014-04-02 23:32:43', '2014-04-12 14:01:34', 'GB'),
(8, 'Montréal', '45.5086699', '-73.55399249999999', 5, '2014-04-02 23:33:01', '2014-04-16 20:26:26', 'CA'),
(9, 'Québec', '46.8032826', '-71.242796', 2, '2014-04-02 23:33:09', '2014-04-17 00:35:49', 'CA'),
(10, 'Philadelphie', '39.952335', '-75.16378900000001', 0, '2014-04-02 23:33:19', '2014-04-09 15:44:17', 'US'),
(11, 'Boston', '42.3584308', '-71.0597732', 2, '2014-04-02 23:33:28', '2014-04-17 17:35:12', 'US'),
(12, 'Sydney', '-33.8674869', '151.20699020000006', 0, '2014-04-02 23:33:36', '2014-04-12 22:22:14', 'AU'),
(13, 'Madrid', '40.4167754', '-3.7037901999999576', 0, '2014-04-02 23:33:48', '2014-04-12 22:22:30', 'ES'),
(14, 'Amsterdam', '52.3702157', '4.895167899999933', 2, '2014-04-02 23:33:57', '2014-04-13 20:00:22', 'NL'),
(15, 'Mexico', '19.4326077', '-99.13320799999997', 0, '2014-04-02 23:40:29', '2014-04-09 15:44:06', 'MX'),
(16, 'Togoville', '6.2333333', '1.4833333000000266', 0, '2014-04-02 23:47:19', '2014-04-02 23:47:55', 'TG'),
(17, 'Washington', '38.90723089999999', '-77.03646409999999', 1, '2014-04-03 00:05:10', '2014-04-12 22:03:55', 'US'),
(20, 'Shanghai', '31.230416', '121.473701', 1, '2014-04-03 00:19:41', '2014-04-12 19:11:51', 'CN'),
(21, 'Accra', '5.5557169', '-0.1963060000000496', 0, '2014-04-03 10:38:58', '2014-04-12 22:22:25', 'GH'),
(22, 'Denver', '39.737567', '-104.98471790000002', 0, '2014-04-09 10:13:58', '2014-04-09 11:33:06', 'US'),
(23, 'Albi', '43.926896', '2.1463430000000017', 0, '2014-04-09 11:33:07', '2014-04-09 11:33:44', 'FR'),
(24, 'Oporto', '41.1566892', '-8.623925399999962', 0, '2014-04-09 11:33:44', '2014-04-09 15:43:53', 'PT'),
(25, 'La Haye', '52.0704978', '4.3006999000000405', 0, '2014-04-09 12:04:22', '2014-04-09 12:20:14', 'NL'),
(26, 'Saint-Sébastien', '43.318334', '-1.9812312999999904', 0, '2014-04-09 12:27:33', '2014-04-11 14:58:55', 'ES'),
(27, 'Birmingham', '52.48624299999999', '-1.8904009999999971', 0, '2014-04-09 19:15:21', '2014-04-09 19:15:31', 'GB'),
(28, 'Le Caire', '30.0444196', '31.23571160000006', 0, '2014-04-09 19:30:32', '2014-04-11 14:58:38', 'EG'),
(29, 'Rio', '-22.9133954', '-43.20071009999998', 0, '2014-04-10 00:43:55', '2014-04-11 14:58:36', 'BR'),
(30, 'Moscou', '55.755826', '37.6173', 0, '2014-04-10 00:44:49', '2014-04-10 00:45:15', 'RU'),
(31, 'New Delhi', '28.635308', '77.22496000000001', 0, '2014-04-10 12:59:48', '2014-04-12 14:00:49', 'IN'),
(32, 'Évreux', '49.0270129', '1.1513609999999517', 0, '2014-04-12 02:40:05', '2014-04-12 02:40:26', 'FR'),
(33, 'Iranduba', '-3.25', '-60.10000000000002', 0, '2014-04-12 09:26:16', '2014-04-12 14:00:39', 'BR'),
(34, 'Uruapan', '19.4208333', '-102.06277779999999', 0, '2014-04-12 09:26:25', '2014-04-12 14:00:42', 'MX'),
(35, 'Chicago', '41.8781136', '-87.62979819999998', 0, '2014-04-12 09:26:38', '2014-04-12 14:00:37', 'US'),
(36, 'Bangalore', '12.9715987', '77.59456269999998', 0, '2014-04-12 09:26:51', '2014-04-12 14:00:46', 'IN'),
(37, 'Seattle', '47.6062095', '-122.3320708', 0, '2014-04-12 09:27:07', '2014-04-12 14:00:33', 'US'),
(38, 'Port-au-Prince', '18.539269', '-72.336408', 0, '2014-04-12 09:27:19', '2014-04-12 14:00:50', 'HT'),
(39, 'Toronto', '43.653226', '-79.38318429999998', 0, '2014-04-12 09:27:30', '2014-04-17 00:35:55', 'CA'),
(40, 'Riga', '56.9496487', '24.10518639999998', 0, '2014-04-12 09:27:36', '2014-04-12 14:01:02', 'LV'),
(41, 'Fairfax', '38.84622359999999', '-77.30637330000002', 0, '2014-04-12 09:27:46', '2014-04-12 14:01:08', 'US'),
(42, 'Juelsminde', '55.708806', '9.99883299999999', 0, '2014-04-12 09:27:57', '2014-04-12 14:01:14', 'DK'),
(43, 'Stockholm', '59.32893000000001', '18.064910000000054', 0, '2014-04-12 09:28:10', '2014-04-12 14:01:18', 'SE'),
(44, 'Århus', '56.162939', '10.203921000000037', 1, '2014-04-12 14:12:46', '2014-04-12 14:14:01', 'DK'),
(45, 'Eindhoven', '51.44164199999999', '5.469722499999989', 1, '2014-04-12 14:16:04', '2014-04-12 14:16:05', 'NL'),
(46, 'La Rochelle', '46.160329', '-1.1511390000000574', 1, '2014-04-12 14:51:25', '2014-04-12 20:24:07', 'FR'),
(47, 'Oxford', '39.5069974', '-84.74523099999999', 1, '2014-04-12 15:01:11', '2014-04-12 15:01:11', 'US'),
(48, 'Casablanca', '33.5333333', '-7.583333300000049', 2, '2014-04-12 19:09:03', '2014-04-16 09:36:21', 'MA'),
(49, 'Wellington', '-41.2864603', '174.77623600000004', 2, '2014-04-12 19:11:50', '2014-04-14 14:06:18', 'NZ'),
(50, 'Texas City', '29.383845', '-94.90270020000003', 0, '2014-04-12 19:13:29', '2014-04-12 19:16:13', 'US'),
(51, 'Denton', '33.2148412', '-97.13306829999999', 1, '2014-04-12 19:16:13', '2014-04-12 19:16:13', 'US'),
(52, 'Le Mans', '48.00611000000001', '0.1995560000000296', 1, '2014-04-12 19:53:07', '2014-04-12 19:53:07', 'FR'),
(53, 'Sotchi', '43.585278', '39.72027800000001', 0, '2014-04-12 22:11:34', '2014-04-12 22:22:01', 'RU'),
(54, 'São Paulo', '-23.5505199', '-46.63330939999997', 0, '2014-04-12 22:14:50', '2014-04-12 22:22:20', 'BR'),
(55, 'Tarifa', '36.0143209', '-5.604449700000032', 0, '2014-04-12 22:15:44', '2014-04-12 22:22:36', 'ES'),
(56, 'Brest', '48.390394', '-4.4860760000000255', 0, '2014-04-12 22:15:58', '2014-04-12 22:22:41', 'FR'),
(57, 'Astana', '51.1666667', '71.43333329999996', 0, '2014-04-12 22:16:38', '2014-04-12 22:23:15', 'KZ'),
(58, 'Santiago du Chili', '-33.4691199', '-70.641997', 0, '2014-04-12 22:17:04', '2014-04-12 22:23:21', 'CL'),
(59, 'Oslo', '59.9138688', '10.752245399999993', 0, '2014-04-12 22:17:18', '2014-04-12 22:23:31', 'NO'),
(60, 'Oslob', '9.5630395', '123.41592630000002', 0, '2014-04-12 22:17:29', '2014-04-12 22:23:50', 'PH'),
(61, 'Reykjavík', '64.13533799999999', '-21.89521000000002', 0, '2014-04-12 22:17:55', '2014-04-12 22:24:05', 'IS'),
(62, 'N''Djamena', '12.104797', '15.044505999999956', 0, '2014-04-12 22:18:14', '2014-04-12 22:24:11', 'TD'),
(63, 'Erdenet', '49.033333', '104.08333300000004', 0, '2014-04-12 22:18:40', '2014-04-12 22:24:18', 'MN'),
(64, 'Riyad', '24.7116667', '46.72416670000007', 0, '2014-04-12 22:18:58', '2014-04-12 22:24:27', 'SA'),
(65, 'Le Cap', '-33.9248685', '18.424055299999964', 0, '2014-04-12 22:20:04', '2014-04-12 22:24:34', 'ZA'),
(66, 'Buenos Aires', '-34.6037232', '-58.38159310000003', 0, '2014-04-12 22:20:21', '2014-04-12 22:24:39', 'AR'),
(67, 'Maseru', '-29.308319', '27.491600000000062', 0, '2014-04-12 22:21:08', '2014-04-12 22:24:47', 'LS'),
(68, 'Tananarive', '-18.914872', '47.531611999999996', 0, '2014-04-12 22:21:28', '2014-04-12 22:23:10', 'MG'),
(69, 'Melbourne', '-37.814107', '144.96327999999994', 1, '2014-04-13 11:03:40', '2014-04-13 11:03:40', 'AU'),
(70, 'Växjö', '56.8790044', '14.805852200000004', 1, '2014-04-13 13:06:01', '2014-04-13 13:06:01', 'SE'),
(71, 'Nantes', '47.218371', '-1.553621000000021', 2, '2014-04-13 13:07:36', '2014-04-14 15:09:56', 'FR'),
(72, 'Paris', '48.856614', '2.3522219000000177', 1, '2014-04-13 15:13:39', '2014-04-13 15:13:39', 'FR'),
(73, 'Ottawa', '45.4215296', '-75.69719309999999', 1, '2014-04-13 18:08:57', '2014-04-13 18:08:57', 'CA'),
(74, 'Uppsala', '59.85856380000001', '17.638926699999956', 1, '2014-04-14 08:54:20', '2014-04-14 08:54:20', 'SE'),
(75, 'Libreville', '0.390841', '9.45364399999994', 1, '2014-04-14 14:10:28', '2014-04-14 14:10:29', 'GA'),
(76, 'Bandar Baru Bangi', '2.961427', '101.75296900000001', 1, '2014-04-14 16:41:05', '2014-04-14 16:41:05', 'MY'),
(77, 'Osaka', '34.6937378', '135.50216509999996', 1, '2014-04-14 16:44:29', '2014-04-14 16:44:29', 'JP'),
(78, 'Nouméa', '-22.2758', '166.45799999999997', 1, '2014-04-14 16:58:53', '2014-04-14 16:58:53', 'NC'),
(79, 'Guadalajara', '20.6596988', '-103.34960920000003', 1, '2014-04-14 21:15:36', '2014-04-14 21:15:36', 'MX'),
(80, 'Longueuil', '45.5369442', '-73.51071309999998', 0, '2014-04-14 21:42:09', '2014-04-16 20:26:26', 'CA'),
(81, 'Dubaï', '25.271139', '55.30748500000004', 2, '2014-04-15 17:06:05', '2014-04-15 17:10:59', 'AE'),
(82, 'Mayenne', '48.3061239', '-0.6209350000000313', 1, '2014-04-16 11:54:16', '2014-04-16 11:54:16', 'FR'),
(83, 'Pyongyang', '39.031859', '125.75376499999993', 0, '2014-04-16 11:56:49', '2014-04-16 15:35:39', 'KP'),
(84, 'Derry', '54.9966124', '-7.308574799999974', 1, '2014-04-16 21:11:41', '2014-04-16 21:11:41', 'GB'),
(85, 'Rome', '41.8929163', '12.482519899999943', 1, '2014-04-17 11:38:46', '2014-04-17 11:42:23', 'IT'),
(86, 'Portsmouth', '50.8166667', '-1.0833333000000493', 1, '2014-04-17 14:05:55', '2014-04-17 14:05:55', 'GB'),
(87, 'New York', '40.7143528', '-74.0059731', 1, '2014-04-17 14:13:48', '2014-04-17 14:13:49', 'US'),
(88, 'Bristol', '51.454513', '-2.5879099999999653', 1, '2014-04-18 13:51:04', '2014-04-18 13:51:04', 'GB');

INSERT INTO `POLY_INT_users` (`id`, `role`, `email`, `password`, `firstname`, `lastname`, `active`, `created`, `modified`, `school_id`, `department_id`) VALUES
(1, 'user', 'fabien.richard@etu.univ-nantes.fr', '5727ca8d51bb88d4fa2472b0f6af8c74774fe532', 'Fabien', 'Richard', 1, '2014-04-02 15:07:33', '2014-04-18 00:25:30', 1, 1),
(3, 'user', 'valentin.proust@etu.univ-nantes.fr', '5727ca8d51bb88d4fa2472b0f6af8c74774fe532', 'Valentin', 'Proust', 1, '2014-04-09 12:21:40', '2014-04-09 15:38:49', 1, 2),
(4, 'user', 'claire.savine@etu.univ-nantes.fr', 'fbe152ec553cc821b97e6e96dc9776892cbf0fc0', 'Claire', 'Savine', 1, '2014-04-11 15:00:47', '2014-04-11 15:00:47', 1, 1),
(5, 'user', 'valentin-proust@wanadoo.fr', 'a20af80852690fd3e66cb655b9a67e10b619a46f', 'Valentin', 'Proust', 1, '2014-04-11 15:43:10', '2014-04-11 15:43:10', 1, 1),
(6, 'user', 'valentin.lhommeau@gmail.com', '6641df2bd67bc25f890f606cba39124d69d72b56', 'Valentin', 'Lhommeau', 1, '2014-04-11 15:52:27', '2014-04-11 15:52:27', 1, 1),
(7, 'user', 'fabien.raye@etu.univ-nantes.fr', 'bf08c1fea132215482eff079282870334852d4ef', 'Fabien', 'Rayé', 1, '2014-04-12 14:10:28', '2014-04-13 11:00:26', 1, 1),
(8, 'user', 'pierre.gaborieau@etu.univ-nantes.fr', '467442153a403061d65e4a74bb2685e429897e4b', 'Pierre', 'Gaborieau', 1, '2014-04-12 14:14:49', '2014-04-12 14:14:49', 1, 1),
(9, 'user', 'thomas.joeisseint@gmail.com', '26cfc9112e05b60cfe8adc908a9db1f5532427b6', 'Thomas', 'Joeisseint', 1, '2014-04-12 14:43:26', '2014-04-12 15:02:07', 1, 1),
(10, 'user', 'maximeloizeau@gmail.com', '52f9c3978ccf103d3a34a90cbf874768f347f678', 'Maxime', 'Loizeau', 1, '2014-04-12 14:49:52', '2014-04-12 14:49:52', 1, 1),
(11, 'user', 'vladimir.bagazov@etu.univ-nantes.fr', 'a8ba8d4a8c826b97ebdc2187acd69dbc747015bf', 'Vladimir', 'Bagazov', 1, '2014-04-12 16:19:00', '2014-04-12 16:19:00', 1, 1),
(12, 'user', 'francois.royer@etu.univ-nantes.fr', '98bad07c818330f7e2908e535f4d77bb6641f399', 'François', 'Royer', 1, '2014-04-12 17:23:31', '2014-04-12 17:23:31', 1, 1),
(13, 'user', 'kevin.benard@etu.univ-nantes.fr', '98985b667f018ebcd69f01a6b81d9688032074a9', 'Kévin ', 'Bénard', 1, '2014-04-12 18:01:41', '2014-04-12 18:01:41', 1, 1),
(14, 'user', 'thomas.pradie@etu.univ-nantes.fr', '2cdc9ee8dfd74159499387449f1bf399837d7d57', 'Thomas', 'Pradié', 1, '2014-04-12 18:53:16', '2014-04-12 18:53:16', 1, 1),
(15, 'user', 'david.bonachera@gmail.com', '6c0b06b202695d38e99a6254aeeb76327e418695', 'David', 'Bonachera', 1, '2014-04-12 19:02:39', '2014-04-12 19:02:39', 1, 1),
(16, 'user', 'yasmine.benchekroun@etu.univ-nantes.fr', 'eaea3433a7fd5c877ae5508424f7f49d01c47721', 'Yasmine', 'Benchekroun', 1, '2014-04-12 19:06:26', '2014-04-12 19:06:26', 1, 4),
(17, 'user', 'clement.tournillon@gmail.com', 'f19600188acb7325f41b3e55b91fb72d9e55e95a', 'Clément', 'Tournillon', 1, '2014-04-12 19:09:14', '2014-04-12 19:09:14', 1, 1),
(18, 'user', 'benji.cavy@gmail.com', '2986676a2423e05340c574d186bb4fab4bc4e4af', 'Benjamin', 'Cavy', 1, '2014-04-13 10:51:31', '2014-04-13 10:51:31', 1, 1),
(19, 'user', 'mehdi.cherif@etu.univ-nantes.fr', 'cb0b6fba2b63467f6d14512ce08f1fcb6291178c', 'Mehdi', 'Cherif', 1, '2014-04-13 18:01:19', '2014-04-13 18:01:19', 1, 1),
(20, 'user', 'alexis.texier@live.fr', '1dce4c6fbad0c0740c29cbb38d13f3606b275bfc', 'Alexis', 'Texier', 1, '2014-04-14 08:48:05', '2014-04-14 08:48:05', 1, 1),
(21, 'user', 'jeromine.maillet@gmail.com', '91ffef10a87fd71b17b3382c1f9ca07696c3b353', 'Jéromine', 'Maillet', 1, '2014-04-14 08:49:13', '2014-04-14 08:49:13', 1, 4),
(22, 'user', 'laurys.mouity@etu.univ-nantes.fr', 'e5e4623a76624164e442f87f65df32a1bc634d58', 'Laurys', 'Mouity', 1, '2014-04-14 13:57:52', '2014-04-14 13:57:52', 1, 1),
(24, 'user', 'jerome.hervouet@etu.univ-nantes.fr', 'c45548d256252a606777900dc2b18e4814350142', 'Jerome', 'Hervouet', 1, '2014-04-14 15:59:13', '2014-04-14 15:59:13', 1, 4),
(25, 'user', 'sabrina.laimene@etu.univ-nantes.fr', '9ce29fd5d7c7e3aec6278b992e323012219e65a8', 'Sabrina', 'Laimene', 1, '2014-04-14 16:39:33', '2014-04-14 16:39:33', 1, 1),
(26, 'user', 'guillaume.rousset@etu.univ-nantes.fr', '2c8df6c4c8cd806ad61e1db68f72b0569425505b', 'Guillaume', 'Rousset', 1, '2014-04-14 16:42:43', '2014-04-14 16:42:43', 1, 1),
(27, 'user', 'tom.moreau@etu.univ-nantes.fr', '78f76a685cd2c8c3359e9c190129183567884fdb', 'Tom', 'Moreau', 1, '2014-04-14 18:47:39', '2014-04-14 18:47:39', 1, 4),
(28, 'user', 'charlie-faucheux@hotmail.fr', '8412964c9159b03e9be80f8a17d25dd439f07f6a', 'Charlie', 'Faucheux', 1, '2014-04-14 19:26:08', '2014-04-14 19:26:08', 1, 1),
(29, 'user', 'remy.huberdeau@etu.univ-nantes.fr', '60035a5fb251f4b530d3cc1282dd624ccf28fd7a', 'Rémy', 'Huberdeau', 1, '2014-04-14 20:40:09', '2014-04-14 20:40:09', 1, 1),
(30, 'user', 'baptiste.virot@etu.univ-nantes.fr', '3d88de6098897b7cef38efc6bcee1804bc7fc3d4', 'Baptiste', 'Virot', 1, '2014-04-14 21:14:05', '2014-04-14 21:14:05', 1, 2),
(31, 'user', 'manuela_guerin@hotmail.fr', 'c44aecc4fd0c783b8a5503c34c2acf6c57b8bda3', 'Manuela', 'Guerin', 1, '2014-04-14 21:41:16', '2014-04-14 21:41:16', 1, 1),
(32, 'user', 'elsaadi.abdul@hotmail.com', '75dd57aa59704c5d0ee88370b570a358a154c4f7', 'Abdul-rahman', 'El Saadi', 1, '2014-04-15 17:02:23', '2014-04-15 17:02:23', 1, 1),
(33, 'admin', 'admin@etu.fr', '5727ca8d51bb88d4fa2472b0f6af8c74774fe532', 'Admin', 'Admin', 1, '2014-04-16 00:00:00', '2014-04-16 00:00:00', 1, 1),
(34, 'user', 'meriem.alamimarrouni@gmail.com', 'dd25a40bd133288f7e9d80973037ce8b864910af', 'Meriem', 'Marrouni', 1, '2014-04-16 09:32:02', '2014-04-16 09:32:02', 1, 1),
(35, 'user', 'paulinelb77@hotmail.com', '64f992319718ccd01c5053c39a66ddaa9a3789ec', 'Pauline', 'Le Boucher', 1, '2014-04-16 11:47:09', '2014-04-16 11:47:09', 1, 1),
(36, 'user', 'gwenn.me@gmail.com', '0661143cbb4ccc4de5d2452a4f25629b30791329', 'Gwenn', 'M', 1, '2014-04-16 11:49:07', '2014-04-16 11:49:07', 1, 1),
(37, 'user', 'jean.hascoet37@gmail.com', 'da2a8fd517f28d87b769837f69510ea9c50a44ac', 'Jean', 'Hascoët', 1, '2014-04-16 15:18:26', '2014-04-16 15:18:26', 1, 1),
(38, 'user', 'david.tollec@etu.univ-nantes.fr', 'f46a741cac2a271f6bdb68e5536a7a5caaedf0ab', 'David', 'Tollec', 1, '2014-04-16 20:06:29', '2014-04-16 20:06:29', 1, 1),
(39, 'user', 'guillaume.forgeon@gmail.com', '919909355846ecefb8f902dcfe266e3e3a191099', 'Guillaume', 'Forgeon', 1, '2014-04-16 21:10:35', '2014-04-16 21:10:35', 1, 1),
(40, 'user', 'richard.verheyde@etu.univ-nantes.fr', 'e25329b804e97a686919190f7cb6bf9a82b3c9b2', 'Richard', 'Verheyde', 1, '2014-04-17 11:37:46', '2014-04-17 11:37:46', 1, 1),
(41, 'user', 'thomas.german@etud.univ-montp2.fr', 'bec8b7a9281def261d49754f2c8cd8a59b54f496', 'Thomas', 'German', 1, '2014-04-17 12:55:48', '2014-04-17 12:55:48', 4, 11),
(42, 'user', 'alex5603@gmail.com', '034b6558e68df4337342a5852ff94cffad26dc83', 'Alexandre', 'Masson', 1, '2014-04-17 14:04:22', '2014-04-17 14:04:22', 4, 11),
(43, 'user', 'ronan.gauton@etud.univ-montp2.fr', 'fa83fa568550203c661beb5fc1cbe9e393f7064d', 'Ronan', 'Gauton', 1, '2014-04-17 14:09:41', '2014-04-17 14:09:41', 4, 11),
(45, 'user', 'ronanphilippot.rp@gmail.com', 'b08ea72e22dfa8e284ce0d022210cb4d11cd0134', 'Ronan', 'Philippot', 1, '2014-04-18 13:47:46', '2014-04-18 14:16:06', 5, 10),
(46, 'user', 'herve.drouard@etu.univ-nantes.fr', 'ffd4d6ba8cc55be151f58e74e6c4d892af23672e', 'Hervé', 'Drouard', 0, '2014-04-18 18:34:43', '2014-04-18 18:34:43', 1, 1);

INSERT INTO `POLY_INT_experiences` (`id`, `dateStart`, `dateEnd`, `establishment`, `description`, `comment`, `created`, `modified`, `city_id`, `motive_id`, `user_id`, `typenotification_id`) VALUES
(24, '2014-06-01', '2014-08-01', 'Graphic Era University', 'Stage de recherche sur les techniques de réduction de données à l''université de GEU', '', '2014-04-09 15:45:41', '2014-04-12 14:01:58', 5, 1, 1, 1),
(29, '2014-06-09', '2014-09-05', 'Université de Montréal - Laboratoire de recherche en cybercriminologie', 'Analyse de données de cybercriminologie', '', '2014-04-11 15:04:41', '2014-04-11 15:04:41', 8, 1, 4, 1),
(30, '2014-06-02', '2014-08-29', '04h11', 'Visualisation de donnees', '', '2014-04-11 15:44:29', '2014-04-11 15:44:29', 9, 1, 5, 1),
(52, '2014-06-02', '2014-08-29', 'Aarhus University Hospital', ' Image tracking of lungs tumors', '', '2014-04-12 14:12:46', '2014-04-12 14:14:01', 44, 1, 7, 1),
(53, '2014-06-01', '2014-08-31', 'Technical University of Eindhoven', 'Classification d''avatars en fonctions de mots-clés', '', '2014-04-12 14:16:05', '2014-04-12 14:16:05', 45, 1, 8, 1),
(54, '2014-05-26', '2014-08-22', 'Raccourci Interactive', 'Participation au développement d''une application extranet en php symfony2 et ExtJS', '', '2014-04-12 14:51:25', '2014-04-12 20:24:07', 46, 1, 10, 1),
(55, '2014-05-24', '2014-08-23', 'Miami University', 'Environnements virtuels immersifs, Oculus Rift, Virtuix Omni, projet HIVE. Tests, analyses et comparaison des différents outils. Interface', '', '2014-04-12 15:01:11', '2014-04-12 15:01:11', 47, 1, 9, 1),
(56, '2014-06-02', '2014-08-29', 'Université Laval', 'MATLAB - IHM : planification de trajectoires de robots', '', '2014-04-12 17:31:12', '2014-04-12 18:36:34', 9, 1, 12, 1),
(57, '2014-09-01', '2015-03-01', 'Freie Universität', '', '', '2014-04-12 18:32:23', '2014-04-12 18:32:23', 6, 2, 13, 1),
(59, '2014-05-26', '2014-08-31', 'Universiteit Van Amsterdam', 'Repenser les interfaces hommes machines des outils utilisées par les chercheurs de l''université.', '', '2014-04-12 19:04:32', '2014-04-12 19:05:33', 14, 1, 15, 1),
(60, '2013-05-12', '2013-06-12', 'TGCC', 'Entreprise de BTP', '', '2014-04-12 19:09:03', '2014-04-12 19:09:03', 48, 1, 16, 1),
(61, '2014-06-02', '2014-08-29', 'Victoria University', 'Travail sur le langage Grace.', '', '2014-04-12 19:11:50', '2014-04-12 19:11:50', 49, 1, 17, 1),
(62, '2014-06-01', '2014-08-01', 'University of Michigan- Shanghai Jiao Tong University Joint Institute', 'Institut de recherche', '', '2014-04-12 19:11:51', '2014-04-12 19:11:51', 20, 1, 16, 1),
(64, '2014-08-12', '2014-12-30', 'University of North Texas', '', '', '2014-04-12 19:13:31', '2014-04-12 19:16:13', 51, 2, 16, 1),
(65, '2012-04-12', '2012-07-29', 'MMA', '', '', '2014-04-12 19:53:07', '2014-04-12 19:53:07', 52, 1, 13, 1),
(66, '2012-06-01', '2012-07-31', 'BullsEye Computing', 'Développement d''un logiciel pour scanner de code bar dans les entrepots', 'Expérience enrichissante culturellement et professionnellement.', '2014-04-12 22:03:55', '2014-04-12 22:03:55', 17, 1, 1, 1),
(88, '2014-06-02', '2014-09-22', 'Monash University', '', '', '2014-04-13 11:03:40', '2014-04-13 11:03:40', 69, 1, 18, 1),
(89, '2014-09-01', '2015-01-20', 'Linnaeus University', '', '', '2014-04-13 13:06:01', '2014-04-13 13:06:01', 70, 2, 10, 1),
(90, '2012-04-07', '2012-06-30', 'Beemoov', 'Développement d''un jeu multijoueur en Haxe/Flash', '', '2014-04-13 13:07:36', '2014-04-13 13:07:36', 71, 1, 10, 1),
(91, '2013-06-10', '2013-07-12', 'Ministère de l''Intérieur Français', 'Participation à un projet de virtualisation des postes de travail', '', '2014-04-13 15:13:39', '2014-04-13 15:13:39', 72, 1, 7, 1),
(92, '2012-06-09', '2012-08-29', 'Community Boating Inc.', 'Moniteur de voile pour enfant et adultes américains', 'Expérience très enrichissante dans un cadre (l''école de voile) que je croyais connaitre et qui s''est avéré très différent de ce qui se passe en France. J''habitais dans une colloc avec des collègues Irlandais à Brighton.', '2014-04-13 18:04:38', '2014-04-13 18:04:38', 11, 3, 5, 1),
(93, '2014-06-02', '2014-08-29', 'Carleton University', 'Multi-View et Vidéo 3D (décodeurs, tests)', '', '2014-04-13 18:08:57', '2014-04-13 18:08:57', 73, 1, 19, 1),
(95, '2014-06-30', '2014-09-26', 'Academic Medical Center (Heart Failure Research Center) ', 'Analyse de données (R) sur des génomes humains. ', '', '2014-04-13 20:00:22', '2014-04-13 20:00:22', 14, 1, 14, 1),
(96, '2014-06-02', '2014-08-29', 'Laboratoire NXI Gestatio', '', '', '2014-04-14 08:50:09', '2014-04-14 08:50:09', 8, 1, 20, 1),
(97, '2013-06-01', '2013-08-11', 'Ångströmlaboratoriet - Uppsala universitet', 'Stage en laboratoire', '', '2014-04-14 08:54:20', '2014-04-14 08:54:20', 74, 1, 21, 1),
(98, '2014-06-02', '2014-08-28', 'Victoria University of Wellington  ', 'Laboratoire de recherche à développer sur un nouveau langage : le Wyvern. ', '', '2014-04-14 14:05:39', '2014-04-14 14:06:18', 49, 1, 22, 1),
(99, '2011-08-01', '2011-09-02', 'Oilibya', 'Stage de découverte du milieu de l''entreprise.', 'Stage intéressant j''ai pu voir ce que c''était d''être dans le monde du travail. Rencontres avec des personnes sociables et ouvertes. ', '2014-04-14 14:10:28', '2014-04-14 14:10:28', 75, 1, 22, 1),
(100, '2013-06-17', '2013-08-16', 'Bitasoft', 'Développement de Novolia Mobile : http://www.novolia.com/mobile/\r\n\r\nAndroid, Sencha Touch, PhoneGap, JavaScript, JSON', '', '2014-04-14 15:02:15', '2014-04-14 15:09:56', 71, 1, 14, 1),
(101, '2014-06-02', '2014-08-31', 'University of Lisboa - IST', '', '', '2014-04-14 16:00:43', '2014-04-14 16:00:43', 4, 1, 24, 1),
(102, '2014-06-02', '2014-08-31', 'Malaysia France Institute - UniKL (University of Kuala Lumpur)', '', '', '2014-04-14 16:41:05', '2014-04-14 16:41:05', 76, 1, 25, 1),
(103, '2014-05-27', '2014-08-29', 'AIST (National Institute of Advanced Industrial Science and Technology)', '', '', '2014-04-14 16:44:29', '2014-04-14 16:44:29', 77, 1, 26, 1),
(104, '2013-07-01', '2013-08-01', 'Institut Pasteur de Nouvelle-Calédonie', 'Travaille au sein du département informatique', '', '2014-04-14 16:58:53', '2014-04-14 16:58:53', 78, 1, 26, 1),
(105, '2014-06-02', '2014-08-29', 'Université du Quebec à Montréal (UQAM)', 'Détection des anti-patrons dans des applications - QoS (Quality of Service) - Java ', '', '2014-04-14 19:29:45', '2014-04-14 19:32:27', 8, 1, 28, 1),
(106, '2014-05-27', '2014-08-30', 'Universidad de Guadalajara (CUCEI)', '', '', '2014-04-14 21:15:36', '2014-04-14 21:15:36', 79, 1, 30, 1),
(107, '2014-06-02', '2014-08-29', 'Tandem RH', 'Développement d''un module de formation', '', '2014-04-14 21:42:09', '2014-04-16 20:26:26', 8, 1, 31, 1),
(108, '2013-07-01', '2013-08-01', 'Ernst & Young', 'Auditeur Financier. Vérification des comptes et résultats financiers des entreprises dans plusieurs secteurs (BTP, ventes, etc..)', 'Très bonne expérience, on voit quelquechose de différent et complémentaire à la formation Informatique/ID (comptabilité, process d''audit, etc.).', '2014-04-15 17:06:05', '2014-04-15 17:06:18', 81, 1, 32, 1),
(109, '2011-05-29', '2011-07-07', 'Ericsson', 'Gestion de projet de portail WEB/WAP pour un client de télécommunication', 'Très bonne expérience, j''ai pu découvrir les aspects de gestion de projet, de temps, et la gestion des attentes du client. Eu l''opportunité de communiquer et coordiner le progèrs avec 4 équipes situés sur plusieurs sites géographiques.', '2014-04-15 17:10:59', '2014-04-15 17:10:59', 81, 1, 32, 1),
(110, '2013-06-01', '2013-07-10', 'CNSS (Caisse Nationale de Sécurité Sociale)', 'Amélioration du portail web de la CNSS', 'Expérience enrichissante professionnellement ,aperçu intéressant sur le mode de fonctionnement des grandes structures publiques', '2014-04-16 09:34:29', '2014-04-16 09:36:21', 48, 1, 34, 1),
(111, '2014-06-02', '2014-08-29', 'Tandem RH', 'développement d''une application dans un langage donné', '', '2014-04-16 11:48:52', '2014-04-16 11:48:52', 8, 1, 35, 1),
(112, '2012-04-09', '2012-06-21', 'Jouve', 'Développement d''un outil de reporting en PHP', '', '2014-04-16 11:54:16', '2014-04-16 11:54:16', 82, 1, 36, 1),
(114, '2014-06-02', '2014-08-31', 'Graphic Era University', 'Mailez moi', 'Mailez moi', '2014-04-16 15:19:56', '2014-04-16 15:20:19', 5, 2, 37, 1),
(115, '2014-05-31', '2014-08-31', 'Peek-A-Boo Interactive', '', '', '2014-04-16 21:11:41', '2014-04-16 21:11:41', 84, 1, 39, 1),
(118, '2014-06-01', '2014-09-12', 'Universita degli Studi Roma Tre', 'Impact of communication errors on the perceived video quality', '', '2014-04-17 11:38:46', '2014-04-17 11:42:23', 85, 1, 40, 1),
(119, '2014-05-19', '2014-08-20', 'Portsmouth University', 'Biomechanical design', '', '2014-04-17 14:05:55', '2014-04-17 14:05:55', 86, 1, 42, 1),
(120, '2014-05-22', '2014-08-22', 'City College Of New York', '', '', '2014-04-17 14:13:49', '2014-04-17 14:13:49', 87, 1, 41, 1),
(122, '2013-09-01', '2014-04-04', 'University of West England', '', '', '2014-04-18 13:51:04', '2014-04-18 13:51:04', 88, 2, 45, 1);